Unitprice,Expire date,Outbound number,Total outbound,Pal grossweight,Pal height,Units per pal
0.058,547,9,2441,105.6,1.56,1920
0.954,547,0,0,207.68,1,384
2.385,547,12,23,165.78,1.02,108
5.1,547,0,0,221.04,1.05,72
0,547,0,0,0,0,0
1.11,547,1,1,207.68,1,384
2.515,547,2,4,165.78,1.02,108
0,547,0,0,0,0,0
0.2625,547,0,0,0,0,0
13.354,365,0,0,441.72,1.44,36
4.253,547,0,0,221.04,1.05,72
1.042,547,6,14,207.68,1,384
2.592,547,8,12,165.78,1.02,108
5.425,547,0,0,0,0,0
0,547,0,0,0,0,0
4.321,547,1,2,221.04,0,72
0,547,0,0,0,0,0
2.39,547,3,5,165.78,1.02,108
0,547,0,0,0,0,0
0.976,547,0,0,207.68,1,384
2.9171,547,0,0,165.78,1.02,108
0,547,0,0,0,0,0
17.113,365,1,3,441.72,1.44,36
4.942,547,1,1,221.04,1.05,72
14.783,365,1,1,515.34,1.68,42
19.63,365,0,0,0,0,24
4.61,547,2,3,221.04,1.05,72
0.006,547,9,1336,105.6,1.56,1920
14.919,365,1,1,515.34,1.68,42
4.79,547,0,0,221.04,1.05,72
0.19,547,0,0,0,0,0
0,547,0,0,0,0,0
15.318,365,1,1,515.34,1.68,42
17.02,365,0,0,0,0,24
4.48,547,0,0,0,0,0
15.808,365,1,1,515.34,1.68,42
16.201,365,0,0,515.34,1.68,42
4.303,547,0,0,221.04,1.05,72
16.76,365,0,0,0,0,0
0,365,0,0,0,0,0
0.192,547,10,760,105.6,1.56,1920
0.192,0,0,0,0,0,0
0.992,547,7,19,207.68,1,384
1.67,365,0,0,0,0,0
2.318,547,7,16,165.78,1.02,108
0,365,0,0,0,0.6,25
9.547,547,2,2,243.84,0.72,32
1.29,547,0,0,207.68,1,384
2.28,547,0,0,165.78,1.02,108
1.137,547,1,1,207.68,1,384
1.86,365,74,744,198,1.02,180
2.4,547,4,10,165.78,1.02,108
9.496,547,3,3,243.84,0.72,32
0,547,0,0,0,0,0
0,365,0,0,0,0,0
2.41,547,0,0,0,0,0
0,365,0,0,0,0,0
2.5,547,3,5,165.78,1.02,108
10.141,547,0,0,243.84,0.72,32
15.04,365,0,0,441.72,1.44,36
4.04,547,3,4,221.04,1.05,72
0.2,547,4,1340,105.6,1.56,1920
14.568,365,13,17,515.34,1.68,42
0,547,0,0,0,0,0
16.333,365,2,2,515.34,1.68,42
0.998,547,4,6,207.68,1,384
2.345,547,2,2,165.78,1.02,108
0,547,0,0,0,0,0
0,547,0,0,0,0,0
15.316,365,2,2,515.34,1.68,42
0,365,0,0,0,0,0
0,547,0,0,0,0,0
0,365,0,0,0,0,0
0.106,547,3,360,105.6,1.56,1920
0.962,547,0,0,207.68,1,384
1.97,365,3,23,198,1.02,180
2.063,547,1,1,165.78,1.02,108
4.642,547,3,3,221.04,1.05,72
1.143,547,0,0,207.68,1,384
1.8,365,0,0,198,1.02,180
2.263,547,6,7,165.78,1.02,108
1.75,547,0,0,198,1.02,180
4.456,547,0,0,221.04,1.05,72
2.502,547,0,0,165.78,1.02,108
4.309,547,4,5,221.04,1.05,72
0.934,547,0,0,0,0,0
2.201,547,0,0,165.78,1.02,108
0,547,0,0,0,0,0
2.239,547,3,64,165.78,1.02,108
0,547,0,0,0,0,0
0,547,0,0,0,0,0
2.69,547,0,0,0,0,0
0,547,0,0,0,0,0
0,547,0,0,0,0,0
0.375,730,1,2,5.25,0,50
0.35,730,2,4,529.2,0.9,2160
0.37,730,0,0,529.2,0.9,2160
0.34,730,0,0,529.2,0.9,2160
0.353,730,1,7,529.2,0.9,2160
5.611,365,2,2,167.68,1,384
0,365,0,0,0,0,0
19.534,365,0,0,621.72,1.8,36
0,365,0,0,0,0,0
24.825,365,0,0,730.8,1.8,36
0,547,0,0,0,0,0
9.52,547,0,0,261.12,0.72,32
25.24,365,0,0,310.86,0.9,18
2.887,547,3,3,226.8,1.02,108
5.41,547,0,0,293.76,1.05,72
0.24,547,2,640,105.6,1.56,1920
1,547,0,0,167.68,1,384
11.941,547,0,0,0,0,0
2.88,547,0,0,226.8,1.02,108
0.04,547,0,0,105.6,1.56,1920
0.899,547,9,18,167.68,1,384
1.78,365,0,0,0,0,180
12.517,547,2,3,325.12,0.8,32
2.942,547,10,15,226.8,1.02,108
0,365,0,0,0,0,0
5.557,547,5,8,293.76,1.05,72
0.84,547,1,6,167.68,1,384
2.04,365,0,0,147.6,1.17,180
12.794,547,2,2,325.12,0.8,32
3.103,547,1,1,226.8,1.02,108
1.24,547,4,5,167.68,1,384
14.78,547,0,0,325.12,0.8,32
3.561,547,3,4,226.8,1.02,108
0,547,5,420,0,0,960
0.87,547,1,3,167.68,1,384
2.208,365,0,0,147.6,1.17,180
12.949,547,0,0,325.12,0.8,32
3.105,547,14,22,226.8,1.02,108
5.561,547,0,0,293.76,1.05,72
0.896,547,0,0,167.68,1,384
0,547,0,0,0,0,0
0.858,547,3,12,167.68,1,384
1.74,365,0,0,0,0,0
12.854,547,2,2,10.16,0.8,32
3.077,547,1,1,226.8,1.02,108
0.794,547,4,8,167.68,1,384
2.8,547,1,3,226.8,1.02,108
5.212,547,2,2,293.76,1.05,72
0.88,547,1,3,167.68,1,384
11.579,547,4,4,325.12,0.8,32
2.849,547,6,11,226.8,1.02,108
4.866,547,0,0,261.54,1.05,72
0.877,547,9,21,167.68,1,384
12.584,547,4,4,325.12,0.8,32
3.072,547,5,5,226.8,1.02,108
5.674,547,5,6,293.76,1.05,72
0.82,547,1,3,167.68,1,384
2.263,547,5,7,165.78,1.02,108
4.532,547,0,0,261.54,1.05,72
9.274,547,0,0,261.12,0.72,32
0.83,547,8,20,167.68,1,384
12.353,547,0,0,325.12,0.8,32
2.979,547,2,4,226.8,1.02,108
5.353,547,5,6,293.76,1.05,72
0.747,547,0,0,167.68,1,384
1.23,365,27,1165,147.6,0,180
10.807,547,0,0,325.12,0.8,32
16.201,365,5,6,641.34,1.68,42
2.736,547,1,1,226.8,1.02,108
3.55,365,0,0,266.4,1.02,108
4.784,547,0,0,293.76,1.05,72
0.76,547,9,21,167.68,1,384
1.35,365,134,2722,147.6,1.17,180
11.795,547,2,2,325.12,0.8,32
18.308,365,2,5,641.34,1.68,42
2.72,547,8,11,226.8,1.02,108
0,365,0,0,0,0,0
5.314,547,7,7,293.76,1.05,72
0.8,547,6,24,167.68,1,384
1.42,547,1,50,147.6,1.17,180
12.685,547,1,1,325.12,0.8,32
2.933,547,4,4,226.8,1.02,108
5.62,547,0,0,293.76,1.05,72
1.03,547,0,0,167.68,1,384
2.722,547,1,1,226.8,1.02,108
0.837,547,4,17,167.68,1,384
1.3,547,7,130,147.6,0,180
10.93,547,0,0,325.12,0.8,32
2.608,547,13,22,226.8,1.02,108
4.789,547,1,1,293.76,1.05,72
0.939,547,4,13,167.68,1,384
1.5,365,98,1389,147.6,1.17,180
12.716,547,3,3,325.12,0.8,32
19.14,365,0,0,0,1.1,21
3.014,547,4,5,226.8,1.02,108
5.647,547,0,0,293.76,1.05,72
0,547,0,0,0,0,0
0.826,547,2,10,167.68,1,384
1.34,365,76,2054,147.6,1.17,180
11.577,547,6,7,325.12,0.8,32
17.525,365,0,0,0,0,0
16.879,365,1,2,641.34,1.68,42
2.905,547,9,15,226.8,1.02,108
5.294,547,15,19,293.76,1.05,72
0.821,547,1,2,167.68,1,384
0,365,27,1770,147.6,0,180
2.78,547,4,4,226.8,1.02,108
0.87,547,1,6,167.68,1,384
0,365,0,0,0,0,0
3.08,547,0,0,226.8,1.02,108
0.79,547,3,4,167.68,1,384
1.6,365,44,814,147.6,1.17,180
3.192,547,2,2,226.8,1.02,108
5.552,547,0,0,293.76,1.05,72
0.924,547,2,6,167.68,1,384
2.0125,365,0,0,0,0,0
11.787,547,4,4,325.12,0.8,32
2.83,547,2,2,226.8,1.02,108
5.241,547,9,10,293.76,1.05,72
0.84,547,2,4,167.68,1,384
2.259,547,4,4,165.78,1.02,108
4.422,547,0,0,261.54,1.05,72
0.86,547,8,18,167.68,1,384
11.917,547,3,3,325.12,0.8,32
2.999,547,2,4,226.8,1.02,108
5.47,547,0,0,293.76,1.05,72
0.91,547,1,3,167.68,1,384
1.6,365,0,0,147.6,1.17,180
2.357,547,4,5,165.78,1.02,108
5.092,547,2,2,261.54,1.05,72
0.99,547,3,8,167.68,1,384
3.67,547,2,3,226.8,1.02,108
6.31,547,1,1,293.76,1.05,72
0.86,547,8,15,167.68,1,384
1.944,365,0,0,147.6,1.17,180
3.04,547,3,3,226.8,1.02,108
0.9,547,2,15,167.68,1,384
1.824,365,27,1859,147.6,1.17,180
2.853,547,4,5,226.8,1.02,108
0.94,547,0,0,167.68,1,384
2.016,365,0,0,294,1.13,350
2.37,547,0,0,165.78,1.02,108
0,547,0,0,0,0,0
0.978,547,0,0,167.68,1,384
1.908,365,0,0,147.6,1.17,180
3.08,547,1,2,226.8,1.02,108
0.9,547,4,12,167.68,1,384
0,365,0,0,0,0,0
3.3,547,1,2,226.8,1.02,108
0,365,0,0,0,0,0
5.27,365,1,1,66.96,0.94,216
12.39,547,0,0,325.12,0.8,32
6.203,547,0,0,0,0,0
13.152,547,0,0,325.12,0.8,32
0,365,0,0,0,0,0
1.881,730,10,24,336.96,0.9,288
1.85,730,4,6,336.96,0.9,288
1.76,730,3,3,336.96,0.9,288
1.95,730,2,2,336.96,0.9,288
2.04,730,2,2,336.96,0.9,288
1.65,730,0,0,336.96,0.9,288
1.88,730,1,1,336.96,0.9,288
1.829,730,1,1,336.96,0.9,288
1.789,730,15,29,336.96,0.9,288
0.39,730,3,10,529.2,0.9,2160
1.818,730,5,8,336.96,0.9,288
1.85,730,8,8,336.96,0.9,288
1.857,730,0,0,336.96,0.9,288
1.72,730,0,0,336.96,0.9,288
1.8,730,128,203,336.96,0.9,288
1.82,730,12,14,336.96,0.9,288
1.742,730,9,11,336.96,0.9,288
1.57,730,18,24,336.96,0.9,288
0.975,547,0,0,207.68,1,384
2.205,547,1,1,165.78,1.02,108
5.5298,547,0,0,221.04,1.05,72
1.05,547,2,3,207.68,1,384
2.32,547,1,1,165.78,1.02,108
5.425,547,0,0,221.04,1.05,72
1.428,547,0,0,207.68,1,384
2.48,547,0,0,165.78,1.02,108
5.8274,547,0,0,221.04,1.05,72
2.63,547,0,0,165.78,1.02,108
8.138,547,0,0,243.84,0.72,32
15.322,365,0,0,641.34,1.68,42
4.04,547,0,0,221.04,1.05,72
21.84,365,1,2,641.34,1.68,42
4.73,547,0,0,221.04,1.05,72
16.46,365,0,0,641.34,1.68,42
5.568,547,0,0,0,0,0
1.08,547,2,2,207.68,1,384
2.6,547,1,1,165.78,1.02,108
4.74,547,0,0,221.04,1.05,72
1.13,547,0,0,207.68,1,384
2.41,547,0,0,165.78,1.02,108
4.24,547,0,0,221.04,1.05,72
1.512,547,0,0,207.68,1,384
3.228,547,0,0,165.78,1.02,108
6.1318,547,0,0,221.04,1.05,72
2.42,730,1,1,489.6,1.62,288
2.343,730,0,0,489.6,1.62,288
3.456,730,0,0,489.6,1.62,288
0,547,0,0,0,0,0
0.15,547,0,0,105.6,1.56,1920
15.355,365,0,0,641.34,1.68,42
21.768,365,0,0,657.72,1.44,36
5.08,547,0,0,0,0,0
1.932,547,4,10,198,1.02,180
19.72,365,2,2,641.34,1.68,42
5.447,547,0,0,293.76,1.05,72
17.039,365,9,16,641.34,1.68,42
20.58,365,0,0,0,1.2,36
5.425,547,2,2,293.76,1.05,72
0,365,0,0,0,0,0
0,547,0,0,0,0,0
14.692,365,1,1,441.72,1.44,36
5.8375,547,0,0,0,0,0
14.658,365,1,1,641.34,1.68,42
0,547,0,0,0,0,0
0,365,0,0,0,0,0
5.525,547,0,0,0,0,0
20.01,365,2,3,641.34,1.68,42
5.484,547,0,0,221.04,1.05,72
19.483,365,5,5,320.67,0.84,21
21.27,547,0,0,0,0,0
1.698,547,4,10,198,1.02,180
20.251,365,8,10,641.34,1.68,42
26.21,365,0,0,0,1.2,36
6.138,547,5,6,293.76,1.05,72
0,365,0,0,0,0,8
16.238,365,4,4,641.34,1.68,42
5.204,547,0,0,641.34,1.68,42
16.57,365,0,0,0,1.2,36
16.75,365,1,1,641.34,1.68,42
24.725,365,0,0,0,0,30
5.31,547,0,0,293.76,1.05,72
0,365,0,0,0,0,0
0,547,0,0,0,0,0
12.689,547,0,0,325.12,0.8,32
4.635,547,1,1,221.04,1.05,72
5.623,547,1,2,293.76,1.05,72
0.204,547,3,559,105.6,1.56,1920
1.578,547,2,4,198,1.02,180
0,547,0,0,0,0,0
16.215,365,1,1,641.34,1.68,42
5.058,547,3,5,293.76,1.05,72
0,365,0,0,0,0,72
1.59,547,0,0,198,1.02,180
9.38,547,0,0,325.12,0.8,32
0,365,0,0,0,0,0
14.082,365,7,7,641.34,1.68,42
0,365,0,0,0,1.2,36
4.564,547,7,7,293.76,1.05,72
0,547,0,0,0,0,0
19.267,365,0,0,641.34,1.68,42
5.238,547,0,0,293.76,1.05,72
0,365,0,0,0,0,0
5.1,547,0,0,293.76,1.05,72
5.35,547,0,0,257.04,0,72
1.61,547,3,7,147.6,1.17,180
1.79,365,0,0,148,1.17,180
3.181,547,2,4,226.8,1.02,108
0,547,0,0,0,0,0
1.65,547,0,0,147.6,1.17,180
2.355,547,3,4,165.78,1.02,108
0,547,1,1,0,0,0
0,547,0,0,0,0,0
0,547,0,0,0,0,0
0,547,0,0,0,0,0
0.016,547,1,720,105.6,1.56,1920
1.58,547,1,1,147.6,1.17,180
12.585,547,2,2,325.12,0.8,32
2.95,547,1,1,226.8,1.02,108
1.8381,547,0,0,0,0,0
0,547,0,0,0,0,0
3.01,547,0,0,0,0,0
1.682,547,3,6,198,1.02,180
4.87,547,2,2,221.04,1.05,72
10.824,547,0,0,277.12,0.72,32
1.53,547,7,17,147.6,1.17,180
1.58,365,3,500,0,1.1,180
2.955,547,4,5,226.8,1.02,108
9.717,547,0,0,261.12,0.72,32
0.135,547,0,0,0,0,0
1.36,547,7,13,147.6,1.17,180
1.584,365,1,5,147.6,1.17,180
2.596,547,13,23,226.8,1.02,108
4.38,547,0,0,293.76,1.05,72
8.823,547,4,4,261.12,0.72,32
0,365,0,0,0,0,0
1.63,547,3,4,147.6,1.17,180
2.54,547,1,1,226.8,1.02,108
9.597,547,3,3,261.12,0.72,32
0.015,547,8,960,105.6,1.56,1920
1.35,547,1,2,147.6,1.17,180
2.71,547,2,2,226.8,1.02,108
0,365,0,0,0,0,0
16.66,365,0,0,507.6,1.44,36
13.194,365,0,0,404.64,1.2,36
0,365,0,0,0,0,0
21.478,365,1,1,730.8,1.8,36
18.795,365,0,0,621.72,1.8,36
26.54,365,0,0,730.8,1.8,36
14.941,365,0,0,641.34,1.68,42
18.804,365,7,9,730.8,1.8,36
21.845,365,0,0,730.8,1.8,36
27.32,365,0,0,0,0,0
0,365,0,0,0,0,0
20.525,365,1,1,621.72,1.8,36
20.45,365,0,0,549.72,1.44,36
20.738,365,1,1,621.72,1.8,36
18.282,365,0,0,341.67,0.98,21
27.475,365,0,0,0,0,0
17.568,365,0,0,320.67,0.84,21
24.502,365,3,3,730.8,1.8,36
22.236,365,0,0,548.1,1.2,30
23.691,365,0,0,730.8,1.8,36
21.824,365,0,0,548.1,1.2,30
20.015,365,7,10,730.8,1.8,36
20.296,365,2,2,730.8,1.8,36
21.115,365,2,4,621.72,1.8,36
19.315,365,1,1,621.72,1.8,36
17.03,365,4,7,274.86,0.72,18
21.37,365,0,0,730.8,1.8,36
19.42,365,0,0,0,0,0
25.95,365,0,0,0,0,0
21.276,365,0,0,310.86,0.9,18
0.98,547,0,0,207.68,1,384
2.39,547,2,3,165.78,1.02,108
4.54,547,0,0,0,0,0
0.965,547,4,9,207.68,1,384
2.362,547,1,1,165.78,1.02,108
4.16,547,0,0,221.04,1.05,72
0,547,0,0,0,0,0
1.13,547,1,2,207.68,1,384
2.59,547,1,1,165.78,1.02,108
0,547,0,0,0,0,0
2.7,547,1,66,165.78,1.02,108
7.2,547,0,0,293.76,1.05,72
1.331,547,0,0,147.6,1.17,180
2.93,547,0,0,226.8,1.02,108
2.774,547,1,6,226.8,1.02,108
4.89,547,1,2,293.76,1.05,72
5,547,0,0,0,0,0
5.216,547,1,1,293.76,1.05,72
10.063,547,0,0,325.12,0.8,32
5.563,547,0,0,293.76,1.05,72
14.402,547,0,0,325.12,0.8,32
15.736,365,1,2,296.1,0.84,21
5.38,547,0,0,293.76,1.05,72
16.659,365,2,3,296.1,0.84,21
6.06,547,0,0,293.76,1.05,72
18.054,365,0,0,296.1,0.84,21
0,365,0,0,0,0,0
0,365,0,0,0,0,0
2.23,547,0,0,165.78,1.02,108
10.947,547,0,0,0,0,0
0,547,0,0,0,0,0
0,365,0,0,0,0,0
0,547,0,0,0,0,0
0,365,0,0,0,0,0
2.591,547,4,5,165.78,1.02,108
0,547,0,0,0,0,0
0,365,0,0,0,0,0
0.35,730,1,12,529.2,0.9,2160
0.81,547,0,0,167.68,1,384
2.956,547,2,2,226.8,1.02,108
0.894,547,3,3,167.68,1,384
3.129,547,1,1,226.8,1.02,108
0.92,547,1,6,167.68,1,384
3.237,547,7,19,165.78,1.02,108
4.718,547,2,7,261.54,1.05,72
0.9,547,3,5,167.68,1,384
2.294,547,9,20,165.78,1.02,108
4.625,547,5,7,261.54,1.05,72
0.82,547,2,5,167.68,1,384
2.38,547,3,3,165.78,1.02,108
4.837,547,5,5,261.54,1.05,72
1.069,547,2,5,167.68,1,384
2.595,547,2,4,165.78,1.02,108
5.138,547,1,2,261.54,1.05,72
3.115,547,0,0,226.8,1.02,108
0,547,0,0,0,0,0
2.24,547,0,0,165.78,1.02,108
0,547,0,0,0,0,0
0.81,547,2,9,167.68,1,384
2.616,547,4,7,165.78,1.02,108
0,547,0,0,0,0,0
0.91,547,2,7,167.68,1,384
12.301,547,0,0,0,0,0
2.438,547,6,11,165.78,1.02,108
4.818,547,0,0,261.54,1.05,72
1.04,547,1,5,167.68,1,384
2.282,547,1,3,165.78,1.02,108
0.981,547,6,7,167.68,1,384
2.701,547,11,19,165.78,1.02,108
5.344,547,2,3,261.54,1.05,72
8.535,547,0,0,0,0,0
1.05,547,64,123,167.68,1,384
3.206,547,1,3,165.78,1.02,108
0,547,0,0,0,0,0
0.64,730,2,16,187.392,1,384
0.54,730,0,0,187.392,1,384
0.56,730,2,13,187.392,1,384
0,730,0,0,0,0,0
0.52,730,0,0,187.392,1,384
0.56,730,2,12,180.48,1,384
0.57,730,0,0,0,0,0
0.51,730,3,12,187.392,1,384
0.581,730,6,44,167.68,1,384
0.598,730,6,33,529.2,0.9,2160
0.66,730,2,12,167.68,1,384
0.38,730,0,0,529.2,0.9,2160
24.88,365,1,1,296.1,0.84,21
4.37,547,3,8,226.8,1.02,108
13.266,547,0,0,227.2,0.72,32
15.807,365,3,4,296.1,0.84,21
2.99,547,4,6,226.8,1.02,108
10.33,547,0,0,0,0,0
15.131,365,1,1,296.1,0.84,21
2.25,547,1,4,165.78,1.02,108
7.28,547,0,0,0,0,0
14.698,365,0,0,296.1,0.84,21
2.833,547,1,1,226.8,1.02,108
17.634,365,1,1,296.1,0.84,21
3.129,547,0,0,226.8,1.02,108
0,547,0,0,0,0,0
0,365,0,0,0,0,0
25.69,365,0,0,296.1,0.84,21
3.323,547,0,0,165.78,1.02,108
16.369,365,0,0,257.67,0.84,21
2.587,547,1,5,165.78,1.02,108
8.92,547,1,1,195.84,0.72,32
17.649,365,2,5,296.1,0.84,21
3.18,547,1,1,226.8,1.02,108
12.179,365,21,30,257.67,0.84,21
2,547,2,4,165.78,1.02,108
2.95,547,0,0,0,0,0
23.61,365,0,0,0,0,0
0,547,0,0,0,0,0
3.115,547,0,0,226.8,1.02,108
0,365,0,0,0,0,0
3.11,547,0,0,226.8,1.02,108
16.192,365,0,0,257.67,0.84,21
2.571,547,1,1,165.78,1.02,108
8.72,547,51,86,195.84,0.72,32
3.898,547,0,0,0,0,0
8.808,547,0,0,293.76,1.05,72
0,547,0,0,0,0,0
3.865,547,1,1,277.56,1.02,108
0,365,0,0,0,0,0
2.88,547,5,12,226.8,1.02,108
0,547,0,0,0,0,0
18.8375,365,0,0,0,0,0
2.808,547,0,0,226.8,1.02,108
9.014,547,0,0,243.84,0.72,32
0,365,0,0,0,0,0
3.277,547,0,0,165.78,1.02,108
0.19,547,11,11,168.48,0.45,144
0,547,0,0,0,0,0
3.37,547,1,1,226.8,1.02,108
0,547,0,0,0,0,0
0.59,547,4,5,0,0,18
16.066,365,0,0,257.67,0.84,21
3.34,547,0,0,226.8,1.02,108
8.82,547,0,0,221.04,1.05,72
21.84,547,0,0,261.12,0.72,32
14.683,365,8,8,257.67,0.84,21
2.53,547,2,2,165.78,1.02,108
3.03,547,0,0,0,0,0
13.824,547,0,0,325.12,0.8,32
3.7875,547,0,0,226.8,1.02,108
2.724,547,2,5,165.78,1.02,108
5.82,547,0,0,261.54,1.05,72
2.508,730,0,0,408,1.2,240
1.06,547,2,4,207.68,1,384
3.26,547,1,2,226.8,1.02,108
0.936,547,3,7,167.68,1,384
2.448,547,3,12,165.78,1.02,108
4.923,547,10,15,261.54,1.05,72
9.504,547,0,0,195.84,0.72,32
1.367,547,0,0,207.68,1,384
5.423,547,4,5,277.56,1.02,108
0,547,0,0,0,0,0
0.727,547,2,2,167.68,1,384
2.19,547,1,1,165.78,1.02,108
4.69,547,2,3,261.54,1.05,72
7.544,547,1,1,195.84,0.72,32
0.916,547,8,19,167.68,1,384
3.095,547,4,5,226.8,1.02,108
1.08,547,2,4,167.68,1,384
2.786,547,2,6,165.78,1.02,108
6.471,547,1,1,261.54,1.05,72
0.936,547,3,5,167.68,1,384
2.653,547,1,1,165.78,1.02,108
2.45,547,2,2,165.78,1.02,108
0.928,547,1,5,167.68,1,384
2.39,547,5,10,165.78,1.02,108
4.948,547,1,2,261.54,1.05,72
9.98,547,0,0,195.84,0.72,32
2.35,547,7,8,165.78,1.02,108
5.09,547,0,0,261.54,1.05,72
1.089,547,0,0,167.68,1,384
3.09,547,2,2,165.78,1.02,108
0,547,0,0,0,0,0
1.129,547,4,15,207.68,1,384
3.305,547,0,0,226.8,0,108
0.99,547,3,7,207.68,1,384
3.061,547,1,1,226.8,1.02,108
0.942,547,1,3,167.68,1,384
2.33,547,6,14,165.78,1.02,108
4.943,547,7,8,261.54,1.05,72
8.25,547,0,0,195.84,0.72,32
3.718,547,4,8,226.8,1.02,108
7.208,547,0,0,293.76,1.05,72
0.98,547,5,17,167.68,1,384
3.503,547,11,23,226.8,1.02,108
6.546,547,1,3,293.76,1.05,72
1.034,547,4,7,167.68,1,384
3.107,547,1,2,226.8,1.02,108
3.21,547,0,0,226.8,1.02,108
1.25,547,0,0,207.68,1,384
3.41,547,0,0,226.8,1.02,108
1.77,730,1,1,348.48,0.9,288
1.76,730,3,4,336.96,0.9,288
0,730,0,0,0,0,0
1.74,730,4,7,336.96,0.9,288
0,730,0,0,0,0,0
1.89,730,6,20,348.48,0.9,288
1.95,730,0,0,348.48,0.9,288
1.977,730,3,5,348.48,0.9,288
1.84,730,1,1,348.48,0.9,288
2.21,730,0,0,348.48,0.9,288
1.778,730,11,24,348.48,0.9,288
1.96,730,5,9,336.96,0.9,288
0,730,0,0,0,0,0
1.927,730,0,0,348.48,0.9,288
0,730,0,0,0,0,0
1.91,730,0,0,348.48,0.9,288
1.93,730,4,8,348.48,0.9,288
1.78,730,2,4,348.48,0.9,288
1.81,730,1,1,348.48,0.9,288
0,730,0,0,0,0,0
0.41,730,0,0,529.2,0.9,2160
0.37,730,0,0,529.2,0.9,2160
1.847,730,8,12,348.48,0.9,288
1.788,0,2,12,198,1.02,180
3.93,0,0,0,266.4,1.02,108
1.9,730,0,0,348.48,0.9,288
0,0,0,0,0,1.13,180
1.104,0,2,46,198,1.02,240
1.02,0,6,63,138,0.4,600
0,0,0,0,0,0.5,200
2.07,730,0,0,348.48,0.9,288
0,0,0,0,0,0.25,100
0,0,0,0,0,0.35,30
7.368,547,0,0,293.76,1.05,72
4.0375,0,0,0,0,0.9,45
4.0625,0,0,0,0,0.9,50
3.4625,0,0,0,0,0.6,30
3.4,0,0,0,0,0.35,24
11.3125,0,0,0,0,0.8,21
6.3125,0,0,0,0,0.35,24
2.1875,0,0,0,0,0,0
5.775,0,0,0,0,0.6,24
0,0,0,0,0,0.6,24
0,0,0,0,0,0,0
6.75,0,0,0,0,0.7,72
0,0,0,0,0,0,0
3.35,0,0,0,0,0.6,30
0,0,0,0,0,0,0
3.9,0,0,0,0,0.6,8
0,0,0,0,0,0.6,30
6.3125,0,0,0,0,0.6,24
0,0,0,0,0,0,0
0.0137,0,92,1835,800,0,200000
0.63,0,9,197,54,0.63,12000
0,0,1,5,21.6,0.6,18000
0,0,0,0,36,0.66,1500
0.0033,0,187,2777,276,1,4800
0.356,0,15,1444,113.4,0.75,1800
1.62,0,6,71,48,0.4,4800
0.2,0,4,225,102.5,0.4,5000
0,0,0,0,0,0.3,2300
0,0,9,135,60,0.54,600
0,0,0,0,0,1,2100
0.76,0,0,0,111.6,0.6,1200
0,0,0,0,84,0.7,40000
0,0,0,0,0,0.5,1480
0,0,59,1012,130.56,1.2,384
0,0,1,5,80,0.4,8000
0,0,3,330,54,0.75,1800
0,0,99,2122,60,0.54,600
0.6,0,4,130,102.5,0,5000
0,0,0,0,0,0.4,1200
0,0,1,55,0,1,800
0,0,10,294,52.8,0.6,4800
0.76,0,27,382,73.6,0.6,800
0,0,0,0,0,0.3,1000
1,0,1,74,84,0.6,8000
0,0,5,42,102.5,0.4,5000
0,0,0,0,50.4,1,800
0.2,0,0,0,97.6,0.6,4800
0,0,0,0,246,1,600
0,0,0,0,0,0.4,500
2.43,0,32,395,123.24,1.2,156
0,0,17,153,600,1.8,500
0.17,0,58,864,131.4,0.75,1800
0,0,0,0,0,0.6,500
0,0,0,0,0,1.6,400
0,0,19,1057,38.4,0.6,1200
0,0,15,261,112,1.7,350
12,0,7,313,189,0.6,4500
5,0,4,157,146.4,0.6,4800
0,0,0,0,0,0.25,300
0,0,0,0,0,1.5,300
1.205,0,9,212,111.6,0.75,900
0,0,0,0,0,0.6,150
1.47,0,3,4,360,2.1,300
0,0,5,141,84,0.73,960
1.47,0,19,194,20.16,0,144
0,0,0,0,210.24,1.2,144
0,0,0,0,0,0.35,200
0,0,0,0,0,0.3,300
6.8,0,11,107,136,0.48,160
0.3,0,0,0,420,1,200
0,0,6,89,183.6,0.9,1800
0,0,0,0,0,0.25,500
0,0,4,83,20,0.6,800
0,0,7,167,262.5,1.8,150
12.3,0,13,64,174,1,300
0,0,0,0,0,0.3,300
0,0,0,0,0,0.3,500
0,0,0,0,84,0.8,400
0,0,13,116,83.2,0.2,80
0.5,0,0,0,36,0.5,1600
0,0,1,10,44,0.4,800
0,0,4,39,50,1.8,150
1.5,0,4,82,2.88,0,288
0,0,1,30,84,0.73,960
4.98,0,8,20,33,0.5,1000
4.584,0,7,83,216,0.75,900
0,0,3,99,62.4,0.6,2000
0,0,0,0,30,0.5,600
0,0,2,7,43,0.4,1000
0,0,0,0,44,0.7,4000
0,0,0,0,0,0.25,200
0,0,0,0,45,0.6,180
0,0,12,103,212.4,1.8,150
0,0,7,38,73.6,0.4,2400
0,0,3,43,52,0.7,800
0,0,5,52,185.4,0.9,900
0,0,0,0,0,0.6,20
7.593,0,21,30,0,1.7,80
4.813,0,17,111,124,0.64,48
0,0,2,20,124,0.6,1200
0,0,1,20,15.72,0.9,144
0,0,4,40,131.4,0.9,900
0,0,2,32,185.4,0.75,360
0,0,0,0,44,0.4,4000
1.48,0,0,0,140.4,0.75,1800
0.5986,0,0,0,80,0.4,400
0,0,0,0,156,0.84,1200
0,0,0,0,0,0.3,50
0,0,5,8,100,0,40
0,0,7,27,92,0.78,32
0,0,0,0,0,0,0
0.324,0,29,37,210,0,50
7.98,0,0,0,80,0.4,400
1.47,0,0,0,0,0,0
0,0,2,2,272,1.36,96
8,0,0,0,40,0.6,100
0,0,0,0,0,0.6,25
1.0409,0,0,0,80,0.4,400
20,0,1,3,160,0.8,80
5.905,0,6,15,240,0,400
0,0,0,0,0,0.35,50
2.5,0,2,24,225,0,1500
0,0,1,9,146.6,0.5,1600
0,0,0,0,480,2,400
0,0,3,17,0,0.5,50
31,0,1,9,93,0.78,600
0,0,0,0,146.6,0.5,1600
0,0,2,57,160,1.25,1600
0,0,0,0,38.4,0.6,600
6.333,0,0,0,0,0,8
18,0,2,8,66,0.6,600
0,0,1,1,93.6,0.78,600
0,0,1,8,93.6,0.78,600
0,0,0,0,0,0,10
40,0,0,0,0,0,216
0,0,0,0,0,0.25,20
0,0,0,0,42.4,0.5,1000
0,0,1,3,93.6,0.78,600
0,0,1,4,93.6,0.78,600
0,0,0,0,20,1,80
0,0,0,0,0,0.3,5
0,0,0,0,0,0,3
0,0,9,278,102.5,0.4,5000
18,0,1,2,42.4,0.5,1000
0,0,0,0,93.6,0.78,600
0,0,0,0,0,0.6,6
3.643,0,0,0,0,0.35,500
0,0,0,0,0,0,0
0,0,0,0,0,0.25,500
0,0,0,0,93.6,0.78,600
34.85,0,0,0,0,0.2,20
0,0,0,0,0,0,0
0,0,0,0,0,0.25,100
0,0,0,0,0,0,5
0,0,0,0,0,0,0
0,0,0,0,0,0.5,10
0.4,0,45,407,320,1,8000
0,0,9,260,52.8,0.6,4800
0,0,2,14,9.6,0.7,80
0,0,0,0,15,0.15,1
0.4916,0,14,359,45,0.6,1800
0,0,0,0,0,0.3,500
0,0,2,4,0,0,0
0,0,1,200,102.5,0.4,5000
0,0,57,701,102.5,0.4,5000
0,0,3,6,432,1.19,864
0,0,8,36,226.8,1.2,720
0.348,0,6,1412,48,0.6,8000
0,0,0,0,24,0.5,120
15.96,0,9,23,36,0.5,240
0,0,14,162,20,0.25,12480
1.038,0,0,0,120,0.6,1200
0,0,1,16,120,0.6,2400
0.695,0,128,1566,249.6,0.9,1152
0.043,0,253,5430,54,0.9,2250
0,547,0,0,249.6,0,384
0,547,0,0,249.6,0,384
0,547,0,0,249.6,0,384
0,547,0,0,211.2,0,384
518.592,0,1,1,1,0.04,2
0,0,1,1,45,1,10
0,0,1,3,12.5,0.35,25
0,0,0,0,40,0.25,20
0,0,0,0,0.8,0.3,4
0,0,0,0,1.2,0.2,4
0,0,0,0,144,1.44,8
291.205,0,0,0,345,0.75,5
0,0,0,0,1.2,0.2,5
13.342,547,2,2,257.67,0.84,21
0,547,0,0,221,1.18,72
0,0,0,0,80,0.8,3200
0,0,0,0,80,0.8,3200
3.735,547,0,0,221.04,1.05,72
1.96,730,14,18,336.96,0.9,288
1.87,730,16,26,336.96,0.9,288
1.66,730,10,11,336.96,0.9,288
1.801,730,7,10,336.96,0.9,288
1.489,547,2,2,147.6,1.17,180
3.508,547,0,0,221.04,1.05,72
16.502,547,1,1,147.24,0.48,12
2.435,547,2,3,166,1.19,108
2.892,734,0,0,175.5,1.02,108
2.82,547,0,0,175.5,1.02,108
2.82,547,0,0,175.5,1.02,108
3.768,547,0,0,230.4,1.02,108
0,0,0,0,10,0.4,400
2.827,547,1,3,226.8,1.02,108
11.743,547,2,2,325.12,0.8,32
21.2,365,0,0,300,0.84,21
19.26,365,0,0,300,0.84,21
17.76,365,0,0,300,0.84,441
21.084,365,0,0,300,0.84,21
20.74,365,0,0,548,1.5,30
0,365,0,0,177,1.02,72
10.99,547,0,0,243.84,0.72,32
11.81,547,0,0,293.12,0.8,32
0.12,547,0,0,105.6,0.6,1920
0.18,547,2,640,105.6,0.6,1920
0.015,547,1,80,105.6,1.56,1920
0.006,547,8,1860,105.6,1.56,1920
0.192,547,9,1500,105.6,1.56,1920
0.2,547,4,980,105.6,1.56,1920
0.031,547,3,200,105.6,1.56,1920
0.207,547,8,2300,105.6,1.56,1920
0.204,547,3,979,105.6,1.56,1920
3.234,547,0,0,226.8,1.02,108
11.174,547,0,0,293.12,0.8,32
13.289,547,1,1,325.12,0.8,32
2.318,547,0,0,165.78,1.02,108
9.298,547,1,1,261.12,0.72,32
5.477,547,4,6,293.76,1.05,72
1.34,547,0,0,207.68,1,384
5.617,547,3,3,293.76,1.05,72
12.049,547,0,0,325.12,0.8,32
9.032,547,0,0,261.12,0.72,32
1.07,547,0,0,207.68,1,384
0.969,547,7,9,167.68,1,384
23.604,365,0,0,578.1,1.2,30
10.783,547,0,0,293.12,0.8,32
0,365,54,182,183,0.9,72
0,365,35,161,147,0.9,72
0,365,24,65,147,0.9,72
0,365,37,172,147,0.9,72
21.78,365,0,0,578,1.2,30
0,365,0,0,578,1.2,30
0.2,547,9,1140,98,1.56,1920
0.16,0,1,420,105.6,1.56,1920
0.057,547,2,720,105.6,1.56,1920
0.18,547,11,2280,105.6,1.56,1920
0.204,547,4,1640,105.6,1.56,1920
0,547,0,0,105.6,1.56,1920
0.5,0,0,0,50.4,0.5,2400
0.5,0,0,0,50.4,0.5,2400
0.2,547,1,140,105.6,1.56,1920
0.013,547,1,20,105.6,1.56,1920
15.18,365,3,3,258,0.84,21
16.52,547,0,0,293.12,0.8,32
6.339,547,0,0,261.54,1.05,72
4.39,547,0,0,226.8,1.02,108
15.94,547,0,0,325.12,0.8,32
18.199,547,0,0,325.12,0.8,32
6.98,547,0,0,293.76,1.05,72
14.71,547,0,0,293.12,0.8,32
6.12,547,0,0,261.54,1.05,72
7.27,547,0,0,261.54,1.05,72
3.68,547,0,0,226.8,1.02,108
2.55,547,0,0,165.78,1.02,108
4.84,547,0,0,226.8,1.02,108
1.98,547,0,0,147.6,1.17,180
0,0,1,23,33.6,1.2,56
3.17,547,0,0,226.8,1.02,108
0,0,0,0,400,0,200
1.344,0,0,0,190.6,1.2,576
1.344,0,6,161,190.6,1.2,576
0,547,0,0,105.6,1.56,1920
0.216,547,2,180,105.6,1.56,1920
0.194,547,0,0,105.6,1.56,1920
13.4904,547,0,0,325.12,1.19,32
12.249,547,12,28,325.12,0.8,32
0,547,6,1100,105.6,1.56,1920
0.24,547,5,900,105.6,1.56,1920
0.063,547,1,440,105.6,1.56,1920
0.216,547,10,1800,105.6,1.56,1920
0.216,547,11,2060,105.6,1.56,1920
0.192,547,9,1520,105.6,1.56,1920
0,547,3,540,105.6,1.56,1920
0,547,0,0,105.6,1.56,1920
3.441,547,0,0,226.8,1.02,108
0,0,3,8,210.24,1.2,144
0,0,4,134,180,1,900
0,0,58,936,128,0.8,12800
0,0,0,0,250,1,2500
0,0,0,0,250,1,2500
9.255,547,4,4,228,0.72,32
9.29,547,2,3,228,0.72,32
0.18,547,46,506,98,0.36,1920
0.01,547,2,1020,98,0.39,1920
0.107,547,0,0,98,1.56,1920
0.228,547,3,1440,98,1.56,1920
0.228,0,0,0,0,0,0
9.304,547,1,1,228,1.19,32
4.325,547,0,0,221,1.18,72
1.76,730,7,14,322.56,1.05,288
0.204,547,0,0,0,0,0
0.156,547,0,0,98,1.19,1920
0.17,547,67,653,105.6,0,1920
0.22,547,171,1560,79.2,0,1440
0.19,547,131,1070,105.6,0,1920
0.21,547,181,1545,79.2,0,1440
0.15,547,0,0,105.6,1.56,1920
0.15,547,0,0,105.6,1.56,1920
0.14,547,89,650,105.6,0,1920
0.12,547,89,640,105.6,0,1920
0,0,0,0,207,1.2,180
0,0,0,0,800,1.2,2500
6.35,0,19,119,92.8,1.2,160
2.94,0,4,115,36,1.19,180
0.133,0,15,155,105.6,1.19,1920
0,0,0,0,105.6,1.19,1920
0,0,0,0,105.6,1.19,1920
0.043,0,69,665,105.6,1.19,1920
0.14,0,0,0,105.6,1.19,1920
1.95,547,0,0,314.88,1.2,384
1.62,547,0,0,262.4,1.13,384
0,547,3,660,105.6,1.2,1920
0.063,547,0,0,105.6,1.56,1920
0.195,547,0,0,105.6,1.2,1920
0.18,547,5,480,105.6,1.2,1920
0.017,547,0,0,105.6,1.2,1920
0,547,0,0,105.6,1.2,1920
1.59,547,0,0,226.08,1.191,180
1.82,547,0,0,226.08,1.02,180
1.5,547,0,0,226.08,1.02,180
2.38,547,1,1,226.08,1.19,180
0,0,13,2430,12.6,1.19,4200
0,0,56,1320,96,0,384
1.78,0,2,59,420,1.19,2100
0,0,0,0,250,0,2500
13.354,547,1,2,259.2,0,32
11.074,547,1,1,259.2,0,32
18.1,547,14,24,641.34,0,42
18.22,547,0,0,641.34,0,42
3.829,456,52,131,502.74,0,630
3.91,547,0,0,502.74,0,630
4.2,456,2,3,502.74,0,630
4.58,456,0,0,502.74,0,630
4.49,456,0,0,502.74,0,630
1.94,0,12,525,60,0,1200
0,0,31,476,324,0,648
0,0,29,2979,192,0,1600
3.298,547,0,0,223.2,0,108
14.55,547,0,0,325.12,0,32
18.45,365,4,16,657.72,0,36
12.47,547,0,0,325.12,0,32
11.49,547,3,12,124.92,0,180
1.04,0,172,1979,224.64,0,1728
0.13,547,132,1100,105.6,0,1920
0.17,547,131,1060,105.6,0,1920
0.2,547,117,832,105.6,0,1920
0,547,0,0,105.6,0,1920
0.17,547,0,0,105.6,0,1920
0,547,0,0,105.6,0,1920
0,547,57,412,105.6,0,1920
1.86,0,2,62,64,0,3200
0.62,0,34,401,1.6,0,8000
4.35,0,0,0,0,0,360
0,0,15,523,28.8,0,288
0,0,0,0,225,0,1500
1.5,0,2,200,450,0,2500
0,547,8,63,176,0,32
0.532,730,0,0,163.584,0,384
0,0,13,468,160,0,40000
0,0,29,516,240,0,60000
6.05,547,0,0,226.8,0,108
0,0,4,70,84,0,120
0,0,0,0,19.2,0,48
3.27,547,0,0,262.98,1.19,108
0.18,547,49,421,96,0,1920
0.18,547,52,446,96,0,1920
0.869,730,2,4,180.48,0,384
0,0,126,132,92.4,0,132
0,0,0,0,20.16,0,144
2.76,730,0,0,336.96,0,288
0.94,547,0,0,159.36,0,384
0,547,82,690,105.6,0,1920
0,547,89,590,105.6,0,1920
0,547,66,540,105.6,0,1920
0,0,1,3,3,0,1
0,0,1,2,5,0,1
0,0,0,0,100,0,5
0,0,1,2,90,0,18
0,730,0,0,322.56,0,288
0,0,54,621,330,0,6000
0,0,80,1603,25,0,2500
0,730,0,0,322.56,0,288
0,0,0,0,250,0,2500
0,0,0,0,84,0,120
0,0,0,0,92.8,0,160
0,0,0,0,3.37,0,1
0,0,0,0,8.28,0,2
0,0,0,0,2.7,0,10
0,0,0,0,2.7,0,10
0,0,0,0,8.67,0,1
0,0,0,0,6.55,0,1
0,0,0,0,4.37,0,1
0,0,0,0,5.47,0,1
0,0,0,0,20,0,1
0,0,0,0,14.06,0,1
0,0,0,0,50,0,100
0,0,2,6,94.14,0,6
0,547,0,0,105.6,0,1920
0,0,8,115,96,0,240
0,0,0,0,518.4,0,1920
0,0,0,0,173.6,0,248
0,0,0,0,210,0,50
0,730,0,0,336.96,0.9,288
0,547,0,0,220.32,0,108
0,547,0,0,105.6,0,1920
0,0,0,0,9.12,0,48
0,0,0,0,2.7,0,10
0,0,1,1,13.36,0,4
0,0,6,150,77.76,0,288
0.0576,547,0,0,105.6,1.56,1920
0.086,547,7,840,105.6,1.56,1920
0,547,0,0,0,0,0
0,547,0,0,0,0,0
0.19,547,0,0,0,0,0
0.006,547,15,1800,105.6,1.56,1920
0.2,547,8,1800,105.6,1.56,1920
0,547,0,0,0,0,0
0,547,0,0,0,0,0
0.058,547,22,2760,105.6,1.56,1920
0,547,0,0,0,0,0
0,547,0,0,0,0,0
0,547,0,0,0,0,0
0.106,547,9,1080,105.6,1.56,1920
0.096,547,17,2542,105.6,1.56,1920
0.107,547,1,60,105.6,1.56,1920
0.15,547,310,9142,105.6,1.56,1920
0,547,0,0,0,0,0
0.195,547,15,2040,105.6,1.56,1920
0.2375,547,0,0,0,0,0
0.2,547,15,2280,105.6,1.56,1920
0.04,547,12,1800,105.6,1.56,1920
0.25,547,0,0,0,0,0
0.033,547,1,780,105.6,1.56,1920
0,547,14,1360,105.6,1.56,1920
0.264,547,6,659,105.6,1.56,1920
0.17,547,0,0,0,0,0
0.2,547,3,260,105.6,1.56,1920
0,547,0,0,0,0,0
0.063,547,21,3300,105.6,1.56,1920
0,547,0,0,0,0,0
0.17,547,0,0,0,0,0
0,547,0,0,0,0,0
0.3,547,0,0,0,0,0
0.16,547,0,0,0,0,0
0.0036,547,29,2658,105.6,1.56,1920
0,547,0,0,0,0,0
0.194,547,12,1620,105.6,1.56,1920
0.135,547,0,0,105.6,1.56,1920
0.016,547,13,1140,105.6,1.56,1920
0.015,547,15,1620,105.6,1.56,1920
0.015,547,9,660,105.6,1.56,1920
0,547,0,0,0,0,0
0,547,0,0,0,0,0
0.16,547,0,0,105.6,1.56,1920
0.057,547,0,0,0,0,0
0.18,547,0,0,0,0,0
0,547,0,0,0,0,0
0.14,547,11,1920,105.6,0,1920
0.12,547,11,1920,105.6,0,1920
0.144,547,0,0,105.6,1.56,1920
0,547,0,0,0,0,0
0,547,0,0,0,0,0
0,547,0,0,0,0,0
0,547,0,0,0,0,0
0.048,547,0,0,105.6,1.56,1920
0.15,547,0,0,105.6,1.56,1920
0.25,547,0,0,0,0,0
0.24,547,1,1,0,0,0
0.2375,547,109,1950,105.6,0,1920
0.13,547,85,3945,105.6,0,1920
0,547,0,0,0,0,0
0.22,547,17,3000,79.2,0,1440
0,547,0,0,0,0,0
0,547,83,3365,105.6,0,1920
0.26,547,73,960,0,0,0
0,547,0,0,0,0,0
0.18,547,4,660,96,0,1920
0.133,547,70,1535,105.6,1.56,1920
0,547,0,0,0,0,0
0.17,547,88,4490,105.6,0,1920
0,547,0,0,0,0,0
0.2,547,90,3468,105.6,0,1920
0.21,547,84,3860,79.2,0,1440
0,547,0,0,0,0,0
0.19,547,12,1920,105.6,0,1920
0,547,0,0,0,0,0
0,547,0,0,0,0,0
0.15,547,1,120,105.6,1.56,1920
0,547,5,900,105.6,0,1920
0.2,547,53,2315,105.6,0,1920
0.175,547,0,0,0,0,0
0.14,547,10,1920,105.6,0,1920
0,547,0,0,0,0,0
0,547,0,0,0,0,0
0,547,0,0,0,0,0
0.15,547,0,0,105.6,1.56,1920
0.18,547,9,1180,98,0.36,1920
1.881,730,5071,13432,336.96,0.9,288
0.375,730,806,6840,352.8,0.6,1440
0,730,0,0,362.88,0,3456
0.225,730,0,0,362.88,0,3456
0,547,0,0,0,0,0
0.39,730,2333,16707,352.8,0.06,1440
0.49,0,0,0,0,0,0
0.37,730,989,7509,352.8,0.6,1440
0.34,730,170,1312,352.8,0.6,1440
0.35,730,1158,8547,352.8,0.6,1440
0.353,730,81,388,352.8,0.6,1440
0.35,730,200,1390,352.8,0.6,1440
0.41,730,357,2676,352.8,0.6,1440
0.598,730,572,8001,352.8,0.6,1440
0.37,730,278,2290,352.8,0.6,1440
0.38,730,5,50,352.8,0.6,1440
0,730,0,0,0,0,0
5.27,365,273,414,66.96,0.94,216
5.611,365,121,181,167.68,1,384
0,730,0,0,0,0,0
0.87,547,5333,19843,167.68,1,384
0.858,547,2902,7784,167.68,1,384
0.896,547,1386,4041,167.68,1,384
0.84,547,1200,2570,167.68,1,384
0.969,547,2195,5687,167.68,1,384
0.899,547,4277,14018,167.68,1,384
1,547,2384,5789,167.68,1,384
1.24,547,2313,5201,167.68,1,384
0.94,547,1051,2524,167.68,1,384
0.877,547,5099,18645,167.68,1,384
0.83,547,4725,14656,167.68,1,384
0.88,547,2397,5188,167.68,1,384
0.82,547,3564,10013,167.68,1,384
0.794,547,3551,10209,167.68,1,384
0.939,547,4256,13653,167.68,1,384
0.99,547,4720,14854,167.68,1,384
0.79,547,4181,11732,167.68,1,384
0.87,547,1068,2819,167.68,1,384
0.821,547,724,2296,167.68,1,384
0.747,547,1432,4093,167.68,1,384
0.9,547,991,2820,167.68,1,384
0.84,547,1613,4569,167.68,1,384
0.837,547,3921,11679,167.68,1,384
0.86,547,3283,10523,167.68,1,384
0.8,547,5497,19560,167.68,1,384
0.86,547,2506,6900,167.68,1,384
1.03,547,468,1926,167.68,1,384
0.924,547,1433,3550,167.68,1,384
0.76,547,4469,15154,167.68,1,384
0.94,547,766,1923,167.68,1,384
0.9,547,1622,4534,167.68,1,384
0.826,547,5655,26125,167.68,1,384
0.978,547,1728,4567,167.68,1,384
0.91,547,2656,7782,167.68,1,384
0.581,730,1596,16782,167.68,1,384
0.66,730,443,3717,167.68,1,384
0,730,0,0,476.928,0,1152
0.9,547,1185,4051,167.68,1,384
0.92,547,1282,4668,167.68,1,384
0,547,0,0,159.36,0,384
0.91,547,815,1918,167.68,1,384
0.981,547,692,2299,167.68,1,384
1.04,547,98,301,167.68,1,384
1.05,547,140,286,167.68,1,384
0.81,547,548,1647,167.68,1,384
0.82,547,597,1626,167.68,1,384
1.069,547,878,2628,167.68,1,384
0.81,547,552,1386,167.68,1,384
0.894,547,457,1119,167.68,1,384
0.98,547,2090,8536,167.68,1,384
0.916,547,2430,8422,167.68,1,384
1.034,547,457,1271,167.68,1,384
0.727,547,608,1734,167.68,1,384
0.94,0,0,0,0,0,0
0.936,547,535,1412,167.68,1,384
0.928,547,918,3004,167.68,1,384
0.942,547,550,1431,167.68,1,384
1.08,547,872,2598,167.68,1,384
1.089,547,233,594,167.68,1,384
0.936,547,2449,8765,167.68,1,384
0.6,730,43,180,187.392,1,384
0.568,730,17,59,187.392,1,384
0.54,730,240,2039,187.392,1,384
0.51,730,860,7920,187.392,1,384
0.57,730,1,6,0,0,0
0.56,730,480,3401,187.392,1,384
0.64,730,0,0,0,0,0
0.52,730,461,3316,187.392,1,384
0.56,730,843,7260,180.48,1,384
0,730,0,0,0,0,0
0,730,0,0,0,0,0
0,730,0,0,0,0,0
0.19,547,33,990,907.2,0.495,2025
0,547,0,0,197.76,0,384
0,547,0,0,197.76,0,384
1.042,547,3085,7886,207.68,1,384
0.976,547,158,450,207.68,1,384
1.137,547,1061,2207,207.68,1,384
1.11,547,456,862,207.68,1,384
0.954,547,411,765,207.68,1,384
0.934,547,46,142,207.68,1,384
1.29,547,841,1506,207.68,1,384
0,547,0,0,197.76,0,384
1.143,547,552,1010,207.68,1,384
0,547,0,0,197.76,0,384
0,547,0,0,197.76,0,384
0,547,0,0,197.76,0,384
1.07,547,362,899,207.68,1,384
0,547,0,0,197.76,0,384
0.962,547,343,1370,207.68,1,384
0.992,547,4218,11574,207.68,1,384
0.998,547,2052,4072,207.68,1,384
0.59,547,98,500,777.6,0.4,1440
0,547,0,0,197.76,0,384
1.05,547,903,1863,207.68,1,384
0.975,547,0,0,207.68,1,384
0,547,0,0,197.76,0,384
0,547,0,0,0,0,0
0,547,0,0,0,0,0
1.13,547,1803,3849,207.68,1,384
0.965,547,3788,8291,207.68,1,384
0.98,547,2731,5544,207.68,1,384
0,547,0,0,197.76,0,384
1.13,547,159,629,207.68,1,384
1.08,547,2,5,207.68,1,384
1.575,547,0,0,207.68,1,384
1.34,547,202,411,207.68,1,384
1.129,547,246,592,207.68,1,384
1.367,547,1299,3611,207.68,1,384
1.06,547,1257,4333,207.68,1,384
0.99,547,629,1482,207.68,1,384
1.74,0,0,0,0,0,0
1.83,0,0,0,0,0,0
1.62,0,0,0,0,0,0
1.95,0,0,0,0,0,0
1.78,0,2,41,147.6,0,180
2.04,0,0,0,147.6,1.17,180
1.98,0,0,0,147.6,1.17,180
1.6,0,68,925,147.6,0,180
0,0,0,0,0,0,0
0,0,0,0,0,0,0
1.5,365,1143,26411,147.6,1.17,180
1.23,0,140,2535,147.6,0,180
0,0,0,0,0,0,0
1.3,547,165,3710,147.6,1.17,180
1.42,0,100,2324,147.6,1.17,180
1.9875,0,0,0,0,0,0
1.98,0,34,1071,147.6,0,180
1.35,365,728,17953,147.6,1.17,180
1.6,0,0,0,147.6,0,180
1.34,0,354,10785,147.6,1.17,180
1.65,547,860,2027,147.6,1.17,180
1.7244,0,0,0,147.6,1.17,180
1.79,0,0,0,148,1.17,180
1.58,365,195,4354,147.6,1.17,180
1.36,547,4718,14211,147.6,1.17,180
1.63,547,1212,2419,147.6,1.17,180
1.58,547,1029,1678,147.6,1.17,180
1.61,547,1923,3913,147.6,1.17,180
0,547,0,0,147.6,0,180
1.53,547,3231,8747,147.6,1.17,180
1.35,547,2238,3762,147.6,1.17,180
0,547,0,0,147.6,0,180
1.8375,547,3,5,147.6,0,180
1.331,547,341,1015,147.6,1.17,180
1.51,547,5,167,147.6,1.17,180
1.391,547,109,216,147.6,1.17,180
2.41,547,0,0,198,1.02,180
0,547,0,0,0,0,0
1.86,0,0,0,198,1.02,180
0,547,0,0,0,0,0
1.75,547,693,1352,198,1.02,180
0,547,0,0,0,0,0
0,547,0,0,0,0,0
0,547,0,0,0,0,0
1.8,0,0,0,0,1.1,180
1.97,365,0,0,198,1.02,180
1.67,0,0,0,0,0,0
1.698,547,973,2809,198,1.02,180
1.578,547,1153,3186,198,1.02,180
0,547,0,0,0,0,0
1.932,547,91,564,198,1.02,180
1.59,547,923,2737,198,1.02,180
0,547,0,0,0,0,0
1.682,547,1344,2489,198,1.02,180
1.5,547,3,75,183.6,0,180
0,547,0,0,0,0,0
1.72,547,5,156,198,1.02,180
0,547,0,0,0,0,0
1.88,730,1739,2933,336.96,0.9,288
1.72,730,890,1472,336.96,0.9,288
1.95,730,4702,9221,336.96,0.9,288
1.65,730,2766,4763,336.96,0.9,288
1.789,730,5559,13924,336.96,0.9,288
1.57,730,2476,3907,336.96,0.9,288
2.04,730,2760,4809.7,336.96,0.9,288
1.8,730,778,1198,336.96,0.9,288
1.829,730,1461,2335,336.96,0.9,288
1.85,730,3130,6591,336.96,0.9,288
1.85,730,2278,4413,336.96,0.9,288
1.818,730,3154,6142,336.96,0.9,288
0,730,0,0,0,0,0
1.74,730,1696,2909,336.96,0.9,288
1.76,730,2346,5210,336.96,0.9,288
1.96,730,1447,2573,336.96,0.9,288
1.82,730,4314,9808,336.96,0.9,288
1.76,730,2409,4410,336.96,0.9,288
1.857,730,1055,1696,336.96,0.9,288
1.742,730,2774,4351,336.96,0.9,288
2.21,730,0,0,349.2,0.9,288
0.1963,730,0,0,362.88,0,3456
1.93,730,498,1004,348.48,0.9,288
1.91,730,579,1062,348.48,0.9,288
0.2125,730,0,0,362.88,0,3456
2.07,730,360,646,349.2,0.9,288
0,730,0,0,0,0,0
0,730,0,0,0,0,0
0.25,730,0,0,380.16,0,3456
0,730,0,0,362.88,0,3456
1.81,730,311,527,348.48,0.9,288
0,730,0,0,362.88,0,3456
1.9,730,444,815,348.48,0.9,288
1.95,730,1552,2635,349.2,0.9,288
0.22,730,0,0,362.88,0,3456
0,730,0,0,0,0,0
0,730,0,0,0,0,0
0,730,0,0,0,0,0
2.69,547,0,0,165.78,1.02,108
2.5,547,92,236,165.78,1.02,108
2.592,547,1814,3783,165.78,1.02,108
0,547,0,0,165.78,0,108
2.4,547,3263,7361,165.78,1.02,108
2.39,547,543,908,165.78,1.02,108
2.502,547,836,1262,165.78,1.02,108
2.515,547,494,895,165.78,1.02,108
2.385,547,1180,2392,165.78,1.02,108
2.201,547,253,772,165.78,0,108
2.28,547,890,1767,165.78,1.02,108
2.263,547,1984,4360,165.78,1.02,108
2.239,547,68,345,165.78,1.02,108
2.318,547,395,639,165.78,1.02,108
2.063,547,1010,1917,165.78,1.02,108
2.318,547,4580,12219,165.78,1.02,108
2.345,547,989,1879,165.78,1.02,108
2.263,547,1568,3297,165.78,1.02,108
2.259,547,1200,2489,165.78,1.02,108
2.37,547,1039,2181,165.78,1.02,108
2.357,547,2920,7774,165.78,1.02,108
2.32,547,938,1701,165.78,1.02,108
2.205,547,778,1566,165.78,1.02,108
2.48,547,0,0,165.78,0,108
2.355,547,693,1286,165.78,1.02,108
2.25,547,450,866,165.78,1.02,108
2.19,547,1072,2170,165.78,1.02,108
0,730,0,0,348,1.05,288
2.35,547,1006,2272,165.78,1.02,108
2.724,547,700,1371,165.78,1.02,108
0,547,0,0,165.78,0,108
2.59,547,659,1034,165.78,1.02,108
2.362,547,3244,6334,165.78,1.02,108
2.39,547,2061,3413,165.78,1.02,108
2.7,547,38,81,165.78,0,108
2.63,547,0,0,165.78,1.02,108
2.41,547,1,3,165.78,1.02,108
2.343,730,1123,2219,443.52,1.05,288
2.42,730,821,1398,443.52,1.05,288
2.6,547,1,1,165.78,1.02,108
3.456,730,0,0,443.52,1.05,288
0,547,0,0,165.78,0,108
2.39,547,1272,3747,165.78,1.02,108
2.33,547,1487,3951,165.78,1.02,108
2.448,547,3495,12427,165.78,1.02,108
2.294,547,1642,3859,165.78,1.02,108
2.296,547,1940,5123,165.78,1.02,108
2.24,547,0,0,165.78,0,108
2.438,547,1197,2287,165.78,1.02,108
2.701,547,961,2084,165.78,1.02,108
2.282,547,174,284,165.78,1.02,108
3.206,547,269,417,165.78,1.02,108
2.616,547,583,1440,165.78,1.02,108
2.38,547,1023,2155,165.78,1.02,108
2.595,547,1192,2818,165.78,1.02,108
2.23,547,460,910,165.78,1.02,108
2.435,547,257,670,165.78,1.02,108
2.591,547,373,738,165.78,1.02,108
2.653,547,730,1375,165.78,1.02,108
2.786,547,1108,2080,165.78,1.02,108
2.53,547,429,976,165.78,1.02,108
2,547,999,2359,165.78,1.02,108
2.587,547,1364,2791,165.78,1.02,108
2.95,547,0,0,165.78,0,108
2.875,547,0,0,165.78,0,108
3.277,547,206,528,165.78,1.02,108
2.571,547,428,994,165.78,1.02,108
3.323,547,473,876,165.78,1.02,108
3.09,547,374,789,165.78,1.02,108
2.45,547,462,831,165.78,1.02,108
0,547,0,0,165.78,0,108
0,547,0,0,165.78,0,108
0,547,0,0,165.78,0,108
0,547,0,0,325.12,0,32
16.7375,547,0,0,321.6,0,32
12.949,547,1778,2563,325.12,0.8,32
12.854,547,167,247,325.12,0.8,32
12.049,547,398,689,325.12,0.8,32
12.517,547,2358,3139,325.12,0.8,32
12.794,547,73,106,325.12,0.8,32
13.88,0,0,0,0,0,0
11.941,547,88,141,325.12,0.8,32
14.78,547,278,384,325.12,0.8,32
12.584,547,1558,2063,325.12,0.8,32
12.353,547,764,960,325.12,0.8,32
11.579,547,631,922,325.12,0.8,32
13.289,547,202,258,325.12,0.8,32
12.716,547,2387,3376,325.12,0.8,32
10.807,547,1016,1551,325.12,0.8,32
11.917,547,187,250,325.12,0.8,32
10.93,547,1501,2240,325.12,0.8,32
12.685,547,2888,4338,325.12,0.8,32
11.787,547,397,628,325.12,0.8,32
13.152,547,247,470,325.12,0.8,32
12.39,547,1,31,325.12,0.8,32
11.795,547,2685,4086,325.12,0.8,32
11.577,547,6325,12218,325.12,0.8,32
12.689,547,318,801,325.12,0.8,32
12.585,547,264,397,325.12,0.8,32
9.38,547,86,135,325.12,0.8,32
0,547,0,0,325.12,0,32
15.81,547,0,0,325.12,0,32
10.063,547,163,294,325.12,0.8,32
11.801,547,712,999,325.12,0.8,32
12.249,547,996,1555,325.12,0.8,32
12.301,547,246,261,325.12,0.8,32
11.84,547,39,70,325.12,0.8,32
10.947,547,41,44,325.12,0.8,32
0,547,0,0,325.12,0,32
14.402,547,21,57,325.12,0.8,32
0,547,0,0,325.12,0,32
13.194,365,146,309,404.64,1.2,36
13.354,365,233,596,441.72,1.44,36
15.808,365,154,387,515.34,1.68,42
0,365,0,0,0,0,0
16.201,365,403,766,515.34,1.68,42
0,365,0,0,0,0,0
15.04,365,0,0,0,0,0
0,365,0,0,0,0,0
15.318,365,448,924,515.34,1.68,42
14.919,365,944,2578,515.34,1.68,42
15.316,365,187,407,515.34,1.68,42
14.568,365,743,1747,515.34,1.68,42
16.76,365,0,0,0,0,0
17.113,365,1226,3392,441.72,1.44,36
14.783,365,379,927,515.34,1.68,42
16.333,365,286,545,515.34,1.68,42
0,365,0,0,0,0,0
0,365,0,0,0,0,0
0,0,0,0,0,0,0
0,0,0,0,0,0,0
0,0,0,0,0,0,0
0,0,0,0,0,0,0
0,365,0,0,0,0,0
14.692,365,467,1072,441.72,1.44,36
0,365,0,0,0,0,0
0,365,0,0,0,0,0
0,365,0,0,0,0,0
15.18,365,32,49,258,0.84,21
14.683,365,136,171,257.67,0.84,21
12.179,365,338,497,257.67,0.84,21
16.369,365,217,262,257.67,0.84,21
16.066,365,43,64,257.67,0.84,21
16.192,365,287,404,257.67,0.84,21
0,365,0,0,0,0,0
0,365,0,0,0,0,0
17.76,0,0,0,0,0,0
17.02,365,0,0,338.4,0.96,24
0,0,0,0,0,0,0
19.63,365,0,0,338.4,0.96,24
21.2,0,0,0,0,0,0
0,365,0,0,299.67,0,21
0,365,0,0,299.67,0,21
0,365,0,0,256.86,0,18
0,365,0,0,299.67,0,21
0,365,0,0,299.67,0,21
24.88,365,568,833,296.1,0.84,21
15.131,365,150,188,296.1,0.84,21
16.66,365,95,180,507.6,1.44,36
0,365,0,0,299.67,0,21
16.659,365,370,810,296.1,0.84,21
0,365,0,0,299.67,0,21
0,365,0,0,299.67,0,21
0,365,0,0,299.67,0,21
15.736,365,209,355,296.1,0.84,21
18.054,365,77,116,296.1,0.84,21
0,365,0,0,299.67,0,21
19.76,365,0,0,296.1,0.84,21
17.649,365,34,81,296.1,0.84,21
0,365,0,0,299.67,0,21
15.807,365,842,1144,296.1,0.84,21
0,365,0,0,299.67,0,21
23.6225,365,0,0,296.1,0.84,21
20.3,365,0,0,299.67,0,21
14.698,365,190,238,296.1,0.84,21
18.1656,365,0,0,296.1,0.84,21
0,365,0,0,299.67,0,21
25.69,365,122,162,296.1,0.84,21
17.634,365,109,144,296.1,0.84,21
17.568,365,53,104,320.67,0.84,21
20.45,365,180,389,549.72,1.44,36
17.03,365,12,23,274.86,0,18
0,365,0,0,641.34,0,42
0,365,0,0,641.34,0,42
16.201,365,162,447,641.34,1.68,42
18.308,365,200,452,641.34,1.68,42
16.879,365,373,600,641.34,1.68,42
17.039,365,754,1555,641.34,1.68,42
19.72,365,453,725,641.34,1.68,42
14.658,365,490,910,641.34,1.68,42
0,365,0,0,320.67,0,21
0,365,0,0,641.34,0,42
16.75,365,770,1980,641.34,1.68,42
19.483,365,106,197,320.67,0.84,21
15.355,365,1172,3211,641.34,1.68,42
16.238,365,2713,7696,641.34,1.68,42
14.082,365,1346,2988,641.34,1.68,42
16.215,365,704,1584,641.34,1.68,42
19.267,365,263,496,641.34,1.68,42
0,365,0,0,641.34,0,42
0,365,0,0,641.34,0,42
0,365,0,0,641.34,0,42
20.251,365,1596,3991,641.34,1.68,42
5.204,547,1324,2983,293.76,1.05,72
20.01,365,904,2159,641.34,1.68,42
0,365,0,0,641.34,0,42
14.941,365,532,786,641.34,1.68,42
0,365,0,0,549.72,0,36
15.322,365,112,310,641.34,1.68,42
16.46,365,0,0,0,0,0
0,365,0,0,641.34,0,42
18.282,365,65,99,341.67,0.98,21
20.738,365,249,442,621.72,1.8,36
20.525,365,100,176,621.72,1.8,36
0,365,0,0,621.72,0,36
22.4125,365,0,0,621.72,1.8,36
19.534,365,42,126,621.72,1.8,36
19.315,365,372,707,621.72,1.8,36
21.115,365,309,735,621.72,1.8,36
18.795,365,271,382,621.72,1.8,36
25.24,365,44,50,621.72,1.8,36
0,365,0,0,621.72,0,36
0,365,0,0,621.72,0,36
0,365,0,0,657.72,0,36
0,365,0,0,328.86,0,18
19.42,365,22,29,657.72,0,36
20.58,0,0,0,548.1,1.2,30
16.57,0,0,0,548.1,0,30
0,0,0,0,548.1,0,30
26.21,0,0,0,548.1,0,30
20.74,0,0,0,548.1,1.2,30
21.824,365,94,159,548.1,1.2,30
22.236,365,162,241,548.1,1.2,30
0,0,0,0,578.1,1.2,30
0,0,0,0,578.1,1.2,30
2.942,547,2785,6293,226.8,1.02,108
3.192,547,1732,3082,226.8,1.02,108
3.115,547,221,361,226.8,1.02,108
3.105,547,5008,15897,226.8,1.02,108
3.077,547,1408,2941,226.8,1.02,108
3.234,547,983,1752,226.8,1.02,108
3.103,547,526,788,226.8,1.02,108
2.887,547,1558,3151,226.8,1.02,108
2.88,547,1361,2392,226.8,1.02,108
3.561,547,1785,3384,226.8,1.02,108
3.072,547,3267,6794,226.8,1.02,108
2.979,547,1937,3994,226.8,1.02,108
2.849,547,2317,4390,226.8,1.02,108
2.8,547,1820,3695,226.8,1.02,108
2.933,547,4157,10751,226.8,1.02,108
3.67,547,2109,4368,226.8,1.02,108
3.08,547,401,811,226.8,1.02,108
2.78,547,393,879,226.8,1.02,108
3.014,547,2930,5623,226.8,1.02,108
2.736,547,1693,3295,226.8,1.02,108
3.3,547,512,819,226.8,1.02,108
2.999,547,1489,2952,226.8,1.02,108
2.608,547,3028,6975,226.8,1.02,108
3.04,547,1406,2882,226.8,1.02,108
2.83,547,1343,2977,226.8,1.02,108
0,547,0,0,220.32,0,108
2.722,547,186,299,220.32,0,108
2.72,547,3111,6427,226.8,1.02,108
2.853,547,1551,3426,226.8,1.02,108
3.08,547,1244,2154,226.8,1.02,108
2.905,547,5793,22604,226.8,1.02,108
2.596,547,4907,13930,226.8,1.02,108
2.54,547,1854,3332,226.8,1.02,108
2.955,547,2317,5420,226.8,1.02,108
2.71,547,1611,3137,226.8,1.02,108
4.37,547,1317,2840,226.8,1.02,108
3.129,547,609,984,226.8,1.02,108
3.26,547,1193,2210,226.8,1.02,108
0,547,0,0,0,0,0
2.95,547,1120,1841,226.8,1.02,108
3.181,547,1163,2108,226.8,1.02,108
3.01,547,0,0,226.8,1.02,108
2.833,547,923,1695,226.8,1.02,108
3.11,547,124,300,226.8,1.02,108
2.774,547,741,1678,226.8,1.02,108
3.115,547,176,455,226.8,1.02,108
2.93,547,436,768,226.8,1.02,108
2.956,547,390,680,226.8,1.02,108
3.129,547,180,304,226.8,1.02,108
3.898,547,188,335,226.8,1.02,108
5.12,0,0,0,0,0,0
3.718,547,642,1258,226.8,1.02,108
3.503,547,2279,5341,226.8,1.02,108
3.095,547,2170,4877,226.8,1.02,108
3.107,547,637,1208,226.8,1.02,108
3.305,547,364,600,226.8,1.02,108
0,547,0,0,220.32,0,108
3.18,547,199,270,226.8,1.02,108
2.808,547,377,687,226.8,1.02,108
2.99,547,2165,5614,226.8,1.02,108
2.88,547,159,400,226.8,1.02,108
3.37,547,201,351,226.8,1.02,108
4.55,547,0,0,220.32,0,108
3.34,547,120,267,226.8,1.02,108
3.21,547,957,1683,226.8,1.02,108
3.41,547,524,871,220.32,0,108
3.061,547,715,1242,226.8,1.02,108
3.03,547,0,0,220.32,0,108
0,0,0,0,0,0,0
4.575,0,0,0,0,0,0
3.93,0,0,0,0,0,0
3.55,0,1,18,266.4,1.02,108
4.7,0,0,0,0,0,108
0,0,0,0,0,0,0
5.423,547,1426,2442,277.56,1.02,108
3.865,547,431,968,277.56,1.02,108
0,365,0,0,730.8,0,36
24.825,365,112,378,730.8,1.8,36
18.016,365,373,723,730.8,1.8,36
0,365,0,0,730.8,0,36
14.96,365,24,45,730.8,1.8,36
21.478,365,447,858,730.8,1.8,36
20.015,365,440,833,730.8,1.8,36
0,365,0,0,730.8,0,36
0,365,0,0,730.8,0,36
21.845,365,1172,2203,730.8,1.8,36
27.3125,365,0,0,730.8,0,36
0,365,0,0,730.8,0,36
26.54,365,492,794,730.8,1.8,36
21.37,365,0,0,730.8,1.8,36
18.804,365,908,1501,730.8,1.8,36
20.296,365,135,274,730.8,1.8,36
23.691,365,197,286,730.8,1.8,36
24.502,365,305,505,730.8,1.8,36
4.253,547,635,1032,221.04,1.05,72
0,547,0,0,0,0,0
0,547,0,0,0,0,0
4.303,547,184,263,221.04,1.05,72
0,547,0,0,0,0,0
4.04,547,409,839,221.04,1.05,72
0,547,0,0,0,0,0
4.309,547,1134,2246,221.04,1.05,72
4.456,547,617,1060,221.04,1.05,72
4.79,547,166,303,221.04,1.05,72
4.48,547,1,1,221.04,0,72
0,547,0,0,0,0,0
0,547,0,0,0,0,0
0,547,0,0,0,0,0
0,547,0,0,0,0,0
5.1,547,0,0,221.04,1.05,72
4.942,547,355,594,221.04,1.05,72
4.61,547,173,320,221.04,1.05,72
4.321,547,441,849,221.04,1.05,72
4.642,547,153,268,221.04,1.05,72
5.42,0,0,0,0,0,0
0,547,0,0,0,0,0
0,547,0,0,0,0,0
0,547,0,0,0,0,0
4.87,547,735,1095,221.04,1.05,72
0,547,0,0,0,0,0
5.8875,547,0,0,0,0,0
4.635,547,153,397,221.04,1.05,72
0,547,0,0,0,0,0
5.7125,547,0,0,0,0,0
4.16,547,49,96,221.04,1.05,72
4.54,547,0,0,0,0,0
4.04,547,9,60,221.04,1.05,72
0,547,0,0,0,0,0
4.73,547,0,0,221.04,1.05,72
4.325,547,0,0,221.04,1.05,72
4.24,547,0,0,221.04,1.05,72
4.76,547,0,0,221.04,1.05,72
4.74,547,0,0,221.04,1.05,72
0,547,0,0,0,0,0
8.82,547,550,1059,221.04,1.05,72
4.866,547,555,1036,261.54,1.05,72
4.532,547,189,314,261.54,1.05,72
4.422,547,354,682,261.54,1.05,72
5.092,547,1028,1967,261.54,1.05,72
0,547,0,0,0,0,0
4.69,547,623,1018,261.54,1.05,72
5.82,547,393,654,261.54,1.05,72
0,547,0,0,0,0,0
5.3613,547,0,0,0,0,0
4.948,547,214,464,261.54,1.05,72
4.625,547,779,1199,261.54,1.05,72
4.718,547,1062,1904,261.54,1.05,72
0,547,0,0,0,0,0
4.818,547,426,654,261.54,1.05,72
5.344,547,290,492,261.54,1.05,72
0,547,0,0,0,0,0
0,547,0,0,0,0,0
4.837,547,408,913,261.54,1.05,72
5.138,547,602,954,261.54,1.05,72
0,547,0,0,0,0,0
0,547,0,0,0,0,0
0,547,0,0,0,0,0
5,547,0,0,0,0,0
0,547,0,0,261.54,1.05,72
4.943,547,623,994,261.54,1.05,72
6.471,547,880,1138,261.54,1.05,72
5.09,547,588,938,261.54,1.05,72
0,547,0,0,0,0,0
4.923,547,1359,2375,261.54,1.05,72
0,547,0,0,0,0,0
0,547,0,0,293.76,0,72
5.561,547,1477,2833,293.76,1.05,72
5.41,547,589,1031,293.76,1.05,72
5.557,547,1309,2078,293.76,1.05,72
0,547,0,0,293.76,0,72
0,547,0,0,293.76,0,72
5.674,547,881,1287,293.76,1.05,72
5.353,547,334,665,293.76,1.05,72
5.212,547,616,1223,293.76,1.05,72
6.31,547,858,1456,293.76,1.05,72
5.552,547,462,1287,293.76,1.05,72
5.647,547,404,824,293.76,1.05,72
0,547,0,0,293.76,0,72
0,547,0,0,293.76,0,72
4.784,547,475,885,293.76,1.05,72
4.789,547,1156,1996,293.76,1.05,72
5.47,547,257,331,293.76,1.05,72
5.62,547,985,1854,293.76,1.05,72
0,547,0,0,293.76,0,72
5.241,547,508,974,293.76,1.05,72
6.203,547,164,320,293.76,1.05,72
5.314,547,826,1358,293.76,1.05,72
5.294,547,2754,5918,293.76,1.05,72
4.38,547,145,385,293.76,1.05,72
0,547,0,0,293.76,0,72
5.425,547,244,360,293.76,1.05,72
5.447,547,318,465,293.76,1.05,72
0,547,0,0,293.76,0,72
21.27,547,0,0,293.76,0,72
5.058,547,1724,3165,293.76,1.05,72
5.93,547,399,491,293.76,1.05,72
0,547,0,0,293.76,0,72
6.138,547,1356,2489,293.76,1.05,72
5.1,547,1,1,293.76,1.05,72
5.238,547,518,881,293.76,1.05,72
0,547,0,0,293.76,0,72
5.08,547,1,1,293.76,1.05,72
5.31,547,505,749,293.76,1.05,72
0,547,0,0,293.76,0,72
0,0,0,0,0,0,0
4.564,547,2198,4567,293.76,1.05,72
0,0,0,0,0,1.19,72
5.623,547,264,552,293.76,1.05,72
0,547,0,0,293.76,0,72
6.06,547,146,279,293.76,0,72
4.89,547,354,726,293.76,1.05,72
5.563,547,209,342,293.76,1.05,72
5.38,547,198,365,293.76,1.05,72
5.099,547,130,160,293.76,1.05,72
5.216,547,165,277,293.76,1.05,72
0,547,0,0,293.76,0,72
5.465,547,7,68,293.76,1.05,72
7.2,547,0,0,293.76,1.05,72
0,547,0,0,293.76,0,72
0,547,2,3,290.88,0,72
7.208,547,275,380,293.76,1.05,72
6.546,547,1195,1938,293.76,1.05,72
5.477,547,1114,1670,293.76,1.05,72
0,547,0,0,293.76,0,72
5.617,547,316,406,293.76,1.05,72
0,547,0,0,0,0,0
0,547,0,0,0,0,0
0,365,0,0,0,0,0
0,547,0,0,0,0,0
7.28,547,0,0,0,0,0
9.98,547,0,0,195.84,0.72,32
8.535,547,124,154,195.84,0.72,32
8.25,547,3,3,195.84,0.72,32
0,547,0,0,0,0,0
8.92,547,185,220,195.84,0.72,32
0,547,0,0,0,0,0
9.564,547,0,0,195.84,0.72,32
7.544,547,66,88,195.84,0.72,32
8.72,547,66,86,195.84,0.72,32
13.266,547,415,598,227.2,0.72,32
0,547,0,0,0,0,0
0,547,0,0,0,0,0
0,547,0,0,0,0,0
0,547,0,0,0,0,0
10.141,547,49,58,243.84,0.72,32
9.496,547,645,1007,243.84,0.72,32
9.547,547,866,3163,243.84,0.72,32
8.138,547,21,46,243.84,0,32
10.99,547,258,755,243.84,0.72,32
0,547,0,0,243.84,0,32
0,547,0,0,243.84,0,32
9.014,547,47,59,243.84,0.72,32
10.33,547,0,0,243.84,0,32
0,547,0,0,243.84,0,32
0,547,0,0,243.2,0,32
9.274,547,328,378,261.12,0.72,32
8.823,547,5048,9631,261.12,0.72,32
9.298,547,372,507,261.12,0.72,32
0,547,0,0,259.2,0,32
9.597,547,412,616,261.12,0.72,32
9.717,547,1124,1810,261.12,0.72,32
0,547,0,0,261.12,0,32
9.52,547,89,151,261.12,0.72,32
9.032,547,454,593,261.12,0.72,32
9.23,547,192,221,261.12,0.72,32
21.84,547,337,569,261.12,0.72,32
10.824,547,211,578,277.12,0.72,32
13.428,547,0,0,277.12,0.72,32
11.174,547,201,264,293.12,0.8,32
10.783,547,261,798,293.12,0.8,32
11.81,547,0,0,293.12,0.8,32
0,0,0,0,15,0.15,1
1.847,730,1489,3475,348.48,0.9,288
0,547,19,3060,105.6,1.56,1920
0.17,547,0,0,105.6,1.56,1920
0.12,547,11,1740,105.6,0.6,1920
0.005,547,0,0,106,1.12,1920
0.18,547,27,3360,105.6,1.56,1920
0,547,17,1620,105.6,1.56,1920
0.044,547,24,3060,105.6,0,1920
0.1875,547,0,0,106,1.12,1920
0.006,547,21,3780,105.6,1.56,1920
0.19,547,14,1500,105.6,1.56,1920
0.16,547,11,1620,105.6,0,1920
0.1,547,10,1260,105.6,1.56,1920
0.01,547,10,900,105.6,1.56,1920
0,547,0,0,106,1.12,1920
0,547,0,0,106,1.12,1920
0.18,547,17,2160,105.6,0,1920
0.031,547,16,1800,105.6,1.56,1920
0.114,547,15,3560,105.6,1.56,1920
0,547,0,0,105.6,0,1920
0,547,0,0,105.6,0,1920
0.19,547,75,1905,105.6,0,1920
0,547,0,0,105.6,0,1920
0,547,0,0,105.6,0,1920
0.18,547,0,0,105.6,0,1920
0,547,0,0,105.6,0,1920
0,547,0,0,105.6,1.56,1920
0.18,547,3,660,105.6,0,1920
0.17,547,77,3750,105.6,0,1920
0.18,547,0,0,105.6,1.56,1920
0.2,547,0,0,105.6,1.56,1920
0.0276,547,18,2460,105.6,1.56,1920
0,547,0,0,105.6,0,1920
0,547,0,0,105.6,0,1920
0.017,547,10,780,105.6,0,1920
0.013,547,2,900,105.6,0,1920
0.0552,547,0,0,105.6,1.56,1920
0.18,547,12,1500,105.6,1.56,1920
0.038,547,0,0,105.6,1.56,1920
0.011,547,18,2820,105.6,1.56,1920
0.063,547,7,840,105.6,0,1920
0,730,0,0,362.88,0,3456
0,730,0,0,362.88,0,3456
0,730,0,0,362.88,0,3456
0,730,0,0,362.88,1.2,3456
0,730,0,0,362.88,0,3456
0,730,0,0,524.16,0,3456
0,730,0,0,362.88,0,3456
0,730,0,0,362.88,0,3456
0.216,730,0,0,362.88,0,3456
2.94,547,0,0,165.78,0,108
1.2,547,0,0,197.76,0,384
3.0684,547,0,0,165.78,1.02,108
0.97,547,0,0,207.68,1,384
12.948,547,0,0,293.12,0.8,32
5.172,547,0,0,221.04,1.05,72
14.172,547,0,0,293.12,0.8,32
5.712,547,0,0,221.04,1.05,72
11.304,547,0,0,243.84,0.72,32
2.832,547,0,0,165.78,1.02,108
1.2938,547,0,0,197.76,0,384
3.072,547,0,0,165.78,1.02,108
1.272,547,0,0,207.68,1,384
0,730,0,0,362.88,0,3456
0.16,0,116,816,252,1,200
0.34,547,112,790,126,0,100
0.243,0,54,374,198,1.02,180
1.4988,547,0,0,257.6,1,384
1.4712,547,0,0,257.6,1,384
1.2,547,0,0,211.2,0,384
3.5,547,0,0,189,0,108
0,730,0,0,311.04,0,3456
0.215,730,0,0,311.04,0,3456
0,730,0,0,311.04,0,3456
0,547,0,0,189,0,108
1.482,547,0,0,257.6,1,384
4.32,547,0,0,243,0,108
4.26,547,0,0,243,1.02,108
4.4575,547,0,0,59.4,0,108
1.452,547,0,0,207.68,1,384
0,730,0,0,311.04,0,3456
1.78,730,374,601,348.48,0.9,288
1.778,730,2243,4613,348.48,0.9,288
1.89,730,2206,4050,348.48,0.9,288
2.38,0,0,0,0,0,0
1.84,730,1126,2389,348.48,0.9,288
1.977,730,435,854,348.48,0.9,288
1.927,730,511,1028,348.48,0.9,288
1.77,730,372,624,348.48,0.9,288
2.8,547,33,160,168.48,0.45,144
3.37,0,0,0,0,0,0
4.725,547,105,209,168.48,0.45,144
2.5438,0,0,0,0,0,288
0.17,547,0,0,97.9,1.2,1920
0.17,547,17,1800,105.6,1.56,1920
0,547,0,0,106,1.19,1920
0.04,547,6,900,105.6,0,1920
0,0,8,287,60,0.54,300
0,0,31,356,480,2.16,6000
0,0,0,0,60,0.54,900
0.043,0,5,1454,60,0.54,900
0,0,0,0,60,0.54,900
0,0,0,0,60,0.54,900
0,0,0,0,60,0.54,900
0.17,0,65,1027,241.92,2.16,3456
0.76,0,0,0,73.6,0.6,1600
0,0,0,0,60,0.54,900
0.76,0,1,6,144,2.16,1600
1.62,0,0,0,60,0.54,600
0,0,2,9,60,0.54,600
0,0,6,978,60,0.54,600
0,0,0,0,60,0.54,600
0,0,0,0,60,0.54,600
4.4,547,0,0,264,1.18,108
0.81,0,4,100,252,1,200
0.82,0,4,100,252,1,200
0,0,2,70,252,1,200
0,0,1,20,252,1,200
0,0,0,0,252,0,200
23.9875,365,0,0,548,1.13,30
0.2,547,11,900,98,1.59,1920
6.825,547,0,0,293.76,1.05,72
0,730,0,0,573.696,0,576
0,547,0,0,189,1.18,108
2.827,547,1360,2383,226.8,1.02,108
3.735,547,404,938,221.04,1.05,72
11.743,547,190,377,325.12,0.8,32
1.489,547,2134,4025,147.6,1.17,180
1.55,0,0,0,0,0,0
3.441,547,142,262,226.8,1.02,108
16.502,547,161,245,147.24,0.48,12
0,547,0,0,188,1.18,72
3.508,547,293,526,221.04,1.05,72
1.96,730,908,1688,336.96,0.9,288
1.87,730,1767,3030,336.96,0.9,288
1.66,730,2340,4603,336.96,0.9,288
1.25,547,561,1428,207.68,1,384
1.801,730,1096,2173,336.96,0.9,288
0.192,547,0,0,105.6,1.56,1920
13.342,547,312,484,257.67,0.84,21
0.035,547,0,0,98,1.19,1920
0.033,547,3,1020,98,1.19,1920
0.043,547,75,2390,98,1.19,1920
16.52,547,45,50,293.12,0.8,32
6.339,547,15,87,261.54,1.05,72
8.54,0,0,0,0,0,0
4.39,547,70,111,226.8,1.02,108
15.94,547,23,31,325.12,0.8,32
18.199,547,14,28,325.12,0.8,32
6.98,547,37,73,293.76,1.05,72
14.71,547,11,16,293.12,0.8,32
6.12,547,5,45,261.54,1.05,72
7.27,547,18,19,261.54,1.05,72
3.68,547,39,75,226.8,1.02,108
2.55,547,32,72,165.78,1.02,108
4.84,547,19,31,226.8,1.02,108
1.76,730,1317,3129,336.96,0.9,288
3.5,0,13,162,16.2,0.5,180
3.5,0,10,116,16.2,0.5,180
3.5,0,13,198,16.2,0.5,180
3.5,0,16,283,16.2,0.5,180
0,547,8,1020,105.6,1.56,1920
15.38,365,0,0,300,0.84,21
0.93,730,0,0,88.7,0.9,144
9.304,547,237,287,225.6,0.72,32
16.53,365,8,14,341.67,0.98,21
13.67,365,0,0,300,0.84,21
17.97,365,0,0,341.67,0.98,21
9.29,547,1587,2522,227.8,0.72,32
9.255,547,245,413,228,0.72,32
7.593,0,59,121,0,0,80
0,0,0,0,30,0.5,600
1.81,547,0,0,111,1.19,108
0,547,20,2100,105.6,0,1920
1.59,547,3,75,226.08,1.19,180
2.38,547,393,912,226.08,1.19,180
15.25,365,11,25,320.67,0,21
11.49,547,137,455,124.92,0,180
0,0,0,0,0,0,0
13.354,547,89,166,261.12,0,32
3.03,547,192,334,220.32,0,108
12.47,547,137,278,325.12,0,32
3.298,547,378,585,220.32,0,108
14.55,547,77,180,325.12,0,32
3.829,456,184,433,502.74,1.19,630
3.91,547,51,105,502.74,1.19,630
4.2,456,81,251,502.74,1.19,630
4.58,456,154,268,502.74,1.19,630
4.49,456,64,150,502.74,1.19,630
4.813,0,38,88,110.4,0.64,48
15.96,0,12,18,300,1.19,80
0,0,46,263,432,1.19,864
1.47,0,0,0,76.8,1.19,192
1.78,0,3,1000,319.2,1.19,840
0,0,0,0,450,1.19,2500
0.63,0,1,69,48,0,12000
0,0,0,0,128,0,12800
0,0,76,929,25,0,2500
0.13,0,71,6927,25,0,2500
1.48,0,19,257,135,0,1800
6.35,0,2,7,264,0,480
0.4,0,20,2460,160,0,8000
0,0,57,72,210,0,50
0,0,45,1554,250,0,2500
4.35,0,28,371,126,0,360
0,0,0,0,120,0,6
0,0,3,3,6.4,0,8
0,0,0,0,96,0,3
0,0,0,0,358,0,2
0,0,0,0,24,0,3
5.076,547,13,317,69.84,0,24
0,0,12,119,96,0,384
0.695,0,11,119,57.6,0,1152
2.106,0,2,32,60.48,0,144
0,0,0,0,2.4,0,2400
0,0,0,0,128,0,1600
18.45,365,182,335,657.72,0,36
11.074,547,96,212,259.2,0,32
18.1,547,214,457,641.34,0,42
18.22,547,127,244,641.34,0,42
60.04,0,3,4,40,0,8
1.47,0,0,0,20.16,0,144
0,0,34,1343,45,0,2250
1.04,0,94,1246,224.64,0,1728
0,0,4,601,40,0,4000
0,0,0,0,20,0,1
0,0,3,3,40,0,4
0,0,2,2,48,0,4
0,0,2,2,42,0,6
0,0,0,0,59.2,0,16
0,0,5,10,100,0,5
0,0,1,1,20,0,1
0,0,1,1,78,0,4
0,0,2,14,24,0,10
0,0,0,0,20,0.8,1
0,0,0,0,40,0,4
0,0,0,0,24,0,8
0,0,11,68,57.6,1.19,288
0.849,0,17,151,108,1.19,1800
0.32,0,22,2790,108.24,0,1968
0,0,0,0,162,0,1620
0,0,49,616,84,0,120
0,0,135,330,92.4,0,132
0,0,0,0,225,0,1500
0,0,34,372,173.6,0,248
0,0,3,300,60,0,300
0,0,0,0,11,1.19,5
0,0,1,110,2.2,0,110
0,0,1,220,29.92,0,1760
0,0,3,4,80,0,4
0,0,1,1,78,0,4
0,0,0,0,13.8,0,3
0,0,3,90,38.4,0,240
0,0,4,47,26.88,0,192
0,0,0,0,18,0,30
0,0,2,26,38.88,0,72
0,0,1,10,317.76,0,320
0.58,0,0,0,21.6,0,2400
0,0,5,20,77.85,0,225
0,0,0,0,48,0,6
0,0,7,430,13.44,0,960
0,0,13,2440,45.6,0,12000
0.18,0,5,419,45.6,0,12000
77.2,0,6,26,12,0,30
0,0,1,3,10.8,0,30
20,0,6,29,10.8,0,12
0,0,23,3641,309.6,0,2400
0,0,0,0,52,0,4
0,0,0,0,52,0,4
0,0,10,36,9.6,0,120
0,0,10,128,11.52,0,640
0,0,0,0,20,0,1
0,0,7,16,31.6,0,16
0,0,3,3,21.96,0,6
0,0,0,0,48,0,12000
0,0,0,0,48,0,12000
0,0,0,0,48,0,12000
0,0,0,0,48,0,12000
0,0,1,1,16,1.19,8
0,0,1,1,30,0,3
0,0,4,7,1.2,0,12
0,0,2,3,36,0,12
0,0,0,0,84,0,6
0,0,1,3,80,0,4
0,0,5,5,14.688,0,36
0,0,1,1,20,0,1
0,0,1,17,19.2,0,48
0,0,2,42,19.2,0,48
0,0,1,40,153.6,0,384
0.532,730,115,896,163.584,0,384
0,0,26,541,173.6,0,248
0,0,20,575,20.16,0,144
208.48,0,1,2,40,0,2
0,0,22,626,77.76,0,288
6.05,547,447,961,226.8,0,108
1.5,0,1,100,450,0,2500
6.35,0,12,44,92.8,0,160
0,0,0,0,150,0,1500
0,0,0,0,150,0,1500
0,0,41,106,83.2,0,80
0,0,34,638,250,0,2500
0.62,0,69,2708,16,0,8000
0.869,730,85,1013,180.48,0,384
2.76,730,57,323,336.96,0,288
0,0,13,458,50,0,100
0,0,1,1,18,0,1
0,0,300,697,84,0,120
0,0,12,316,60,0,1200
0,0,7,15,180,0,900
0,0,15,64,180,0,1800
0,0,9,58,207,0,900
0,0,11,95,130.56,0,384
0,0,2,160,800,0,200000
0,0,8,12,152,0,160
0,0,4,10,112.128,0,192
0,0,34,121,180,0,900
0,0,4,21,16,0,800
0,0,2,9,144,0,1600
0,0,6,300,36,0,1200
0,0,2,5,2.5,0,5
3.27,547,112,216,262.98,0,108
5.905,0,7,19,240,0,400
0,0,5,700,21,0,4200
0,0,10,508,192,0,1600
0,0,18,235,36,0,180
0,0,28,359,12,0,600
0,547,6,100,93.12,1.19,32
0,0,1,10,6,0,10
0,0,4,8,44,0,8
0,0,1,1,67.2,0,12
0,0,4,4,37.2,0,12
0,0,2,2,52.44,0,6
0,0,5,6,33,0,6
0,0,2,2,9.04,0,2
0,0,1,1,30,0,2
0,0,6,6,60,0,4
0,0,3,4,60,0,4
0,0,1,1,5.47,0,1
0,0,0,0,44,0,8
0,0,16,284,20.16,0,144
0,0,32,294,20.16,0,144
0,0,28,185,92.8,0,160
0,0,144,967,120,0,2400
1.038,0,132,1306,60,0,1200
0,0,2,7,79.2,0,120
0.92,730,19,140,88.704,0,144
0,547,0,0,105.6,0,1920
0,0,41,1636,330,0,6000
0,0,2,60,96,0,240
2.02,730,354,710,322.56,0,288
1.99,730,363,765,322.56,0,288
0,0,12,119,126,0,100
0,0,6,59,518.4,0,1920
0,0,0,0,3,0,1
0,0,0,0,5,0,1
0,730,1,120,88.704,0,144
0,0,1,2,3.37,0,1
0,0,1,2,8.28,0,2
0,0,0,0,2.7,0,10
0,0,0,0,2.7,0,10
0,0,0,0,8.67,0,1
0,0,1,1,6.55,0,1
0,0,2,2,20,0,1
0,0,0,0,14.06,0,1
0,0,1,1,18.47,0,1
0,730,170,408,336.96,0.9,288
0,0,4,30,15,0,15
0,0,4,17,5.76,0,24
0,0,38,42,6,0,12
0,0,29,309,9.12,0,48
0,0,0,0,20,0,1
0,0,0,0,50,0,5
0,0,31,36,105.6,0,1920
0,0,105,420,160,1.25,1600
0,0,0,0,18,0,1
0,0,0,0,2.7,0,10
0,0,0,0,2.7,0,10
0,0,0,0,2.7,0,10
0,0,0,0,2.7,0,10
0,0,0,0,2.7,0,10
0,0,0,0,2.7,0,10
0,0,1,1,9.58,0,1
0,0,0,0,38.36,0,4
0,0,1,1,25.11,0,3
0,547,76,1570,105.6,0,1920